{
  "version": 1,
  "width": 119,
  "height": 29,
  "duration": 27.933128,
  "command": null,
  "title": null,
  "env": {
    "TERM": "xterm-256color",
    "SHELL": "/bin/zsh"
  },
  "stdout": [
    [
      0.244236,
      "\u001b[1m\u001b[7m%\u001b[27m\u001b[1m\u001b[0m                                                                                                                      \r \r"
    ],
    [
      2.8e-05,
      "\u001b]2;sahib@werkbank: ~/dev/brig/docs\u0007\u001b]1;~/dev/brig/docs\u0007"
    ],
    [
      0.000153,
      "\r\u001b[0m\u001b[27m\u001b[24m\u001b[JÎ» \u001b[K"
    ],
    [
      6e-05,
      "\u001b[?1h\u001b="
    ],
    [
      0.000183,
      "\u001b[?2004h"
    ],
    [
      1.163009,
      "\u001b[4mm\u001b[24m"
    ],
    [
      0.168255,
      "\b\u001b[24m\u001b[1m\u001b[31mm\u001b[1m\u001b[31mk\u001b[0m\u001b[39m"
    ],
    [
      0.127064,
      "\b\b\u001b[1m\u001b[31mm\u001b[1m\u001b[31mk\u001b[1m\u001b[31md\u001b[0m\u001b[39m"
    ],
    [
      0.08503,
      "\b\u001b[1m\u001b[31md\u001b[1m\u001b[31mi\u001b[0m\u001b[39m"
    ],
    [
      0.077231,
      "\b\b\b\b\u001b[0m\u001b[32mm\u001b[0m\u001b[32mk\u001b[0m\u001b[32md\u001b[0m\u001b[32mi\u001b[32mr\u001b[39m"
    ],
    [
      0.091295,
      " "
    ],
    [
      0.118571,
      "r"
    ],
    [
      0.054292,
      "e"
    ],
    [
      0.048684,
      "p"
    ],
    [
      0.142053,
      "o"
    ],
    [
      0.105353,
      " "
    ],
    [
      0.190366,
      "&"
    ],
    [
      0.148164,
      "&"
    ],
    [
      0.098179,
      " "
    ],
    [
      0.108353,
      "\u001b[4mc\u001b[24m"
    ],
    [
      0.082543,
      "\b\u001b[24m\u001b[32mc\u001b[32md\u001b[39m"
    ],
    [
      0.066756,
      " "
    ],
    [
      0.402253,
      "r"
    ],
    [
      0.058028,
      "e"
    ],
    [
      0.070225,
      "p"
    ],
    [
      0.139698,
      "o"
    ],
    [
      0.175843,
      "\u001b[?1l\u001b>"
    ],
    [
      0.007316,
      "\u001b[?2004l\r\r\n"
    ],
    [
      0.002185,
      "\u001b]2;mkdir repo && cd repo\u0007\u001b]1;mkdir\u0007"
    ],
    [
      0.004325,
      "\u001b[1m\u001b[7m%\u001b[27m\u001b[1m\u001b[0m                                                                                                                      \r \r"
    ],
    [
      0.000382,
      "\u001b]2;sahib@werkbank: ~/dev/brig/docs/repo\u0007"
    ],
    [
      0.000119,
      "\u001b]1;..rig/docs/repo\u0007"
    ],
    [
      0.000282,
      "\r\u001b[0m\u001b[27m\u001b[24m\u001b[JÎ» \u001b[K"
    ],
    [
      0.000451,
      "\u001b[?1h\u001b="
    ],
    [
      0.001252,
      "\u001b[?2004h"
    ],
    [
      0.533999,
      "\u001b[1m\u001b[31mb\u001b[0m\u001b[39m"
    ],
    [
      0.099738,
      "\b\u001b[1m\u001b[31mb\u001b[1m\u001b[31mr\u001b[0m\u001b[39m"
    ],
    [
      0.094967,
      "\b\b\u001b[1m\u001b[31mb\u001b[1m\u001b[31mr\u001b[1m\u001b[31mi\u001b[0m\u001b[39m"
    ],
    [
      0.100018,
      "\b\b\b\u001b[0m\u001b[32mb\u001b[0m\u001b[32mr\u001b[0m\u001b[32mi\u001b[32mg\u001b[39m"
    ],
    [
      0.060099,
      " "
    ],
    [
      0.380891,
      "i"
    ],
    [
      0.221134,
      "n"
    ],
    [
      0.147805,
      "i"
    ],
    [
      0.041873,
      "t"
    ],
    [
      0.076952,
      " "
    ],
    [
      0.085267,
      "s"
    ],
    [
      0.061555,
      "a"
    ],
    [
      0.042689,
      "h"
    ],
    [
      0.150819,
      "i"
    ],
    [
      0.071275,
      "b"
    ],
    [
      0.438737,
      "@"
    ],
    [
      0.118104,
      "o"
    ],
    [
      0.169356,
      "n"
    ],
    [
      0.388506,
      "\b \b"
    ],
    [
      0.226276,
      "w"
    ],
    [
      0.136792,
      "\b \b"
    ],
    [
      0.140039,
      "\b \b"
    ],
    [
      0.100199,
      "w"
    ],
    [
      0.074795,
      "a"
    ],
    [
      0.089204,
      "l"
    ],
    [
      0.130848,
      "d"
    ],
    [
      0.253754,
      "."
    ],
    [
      0.112072,
      "d"
    ],
    [
      0.047147,
      "e"
    ],
    [
      0.221917,
      "/"
    ],
    [
      0.861882,
      "l"
    ],
    [
      0.245981,
      "a"
    ],
    [
      0.150465,
      "p"
    ],
    [
      0.178583,
      "t"
    ],
    [
      0.064085,
      "o"
    ],
    [
      0.149899,
      "p"
    ],
    [
      0.167082,
      "\u001b[?1l\u001b>"
    ],
    [
      0.004906,
      "\u001b[?2004l\r\r\n"
    ],
    [
      0.001659,
      "\u001b]2;brig init sahib@wald.de/laptop\u0007\u001b]1;brig\u0007"
    ],
    [
      0.122907,
      "\u001b[32m18.02.2018/16:03:09 âš\u001b[0m No Daemon running. Starting daemon from binary: /home/sahib/go/bin/brig\r\n"
    ],
    [
      0.202807,
      "\u001b[J\u001b[2K\r\u001b[31mâŠ   New passphrase: \u001b[0m \b"
    ],
    [
      1.232412,
      "\u001b[J\u001b[2K\r\u001b[31mâŠ   New passphrase: \u001b[0m\u0000"
    ],
    [
      0.000696,
      "\u001b[J\u001b[2K\r\u001b[31mâŠ   New passphrase: \u001b[0m\u0000"
    ],
    [
      0.30993,
      "\u001b[J\u001b[2K\r\u001b[31mâŠ   New passphrase: \u001b[0m\u0000\u0000"
    ],
    [
      0.000123,
      "\u001b[J\u001b[2K\r\u001b[31mâŠ   New passphrase: \u001b[0m\u0000\u0000"
    ],
    [
      0.149752,
      "\u001b[J\u001b[2K\r\u001b[31mâŠ   New passphrase: \u001b[0m\u0000\u0000\u0000"
    ],
    [
      0.000538,
      "\u001b[J\u001b[2K\r\u001b[31mâŠ   New passphrase: \u001b[0m\u0000\u0000\u0000"
    ],
    [
      0.116645,
      "\u001b[J\u001b[2K\r"
    ],
    [
      8.2e-05,
      "\u001b[31mâŠ   New passphrase: \u001b[0m\u0000\u0000\u0000\u0000"
    ],
    [
      0.002332,
      "\u001b[J\u001b[2K\r\u001b[35mâŠŸ  New passphrase: \u001b[0m\u0000\u0000\u0000\u0000"
    ],
    [
      0.21385,
      "\u001b[J\u001b[2K\r"
    ],
    [
      0.000168,
      "\u001b[35mâŠŸ  New passphrase: \u001b[0m\u0000\u0000\u0000\u0000\u0000"
    ],
    [
      0.000549,
      "\u001b[J\u001b[2K\r\u001b[32mâš¿  New passphrase: \u001b[0m\u0000\u0000\u0000\u0000\u0000"
    ],
    [
      0.128442,
      "\u001b[J\u001b[2K\r\u001b[32mâš¿  New passphrase: \u001b[0m\u0000\u0000\u0000\u0000\u0000\u0000"
    ],
    [
      0.00057,
      "\u001b[J\u001b[2K\r\u001b[32mâš¿  New passphrase: \u001b[0m\u0000\u0000\u0000\u0000\u0000\u0000"
    ],
    [
      0.116187,
      "\u001b[J\u001b[2K\r\u001b[32mâš¿  New passphrase: \u001b[0m\u0000\u0000\u0000\u0000\u0000\u0000\u0000"
    ],
    [
      0.000762,
      "\u001b[J\u001b[2K\r\u001b[32mâš¿  New passphrase: \u001b[0m\u0000\u0000\u0000\u0000\u0000\u0000\u0000"
    ],
    [
      0.192273,
      "\u001b[J\u001b[2K\r\u001b[32mâš¿  New passphrase: \u001b[0m\u0000\u0000\u0000\u0000\u0000\u0000\u0000\u0000\u001b[J\u001b[2K\r\u001b[32mâš¿  New passphrase: \u001b[0m\u0000\u0000\u0000\u0000\u0000\u0000\u0000\u0000"
    ],
    [
      0.364106,
      "\u001b[J\u001b[2K\r\u001b[32mâš¿  New passphrase: \u001b[0m\u0000\u0000\u0000\u0000\u0000\u0000\u0000\u0000"
    ],
    [
      0.000363,
      "\u001b[J\u001b[2K\r\u001b[32mâš¿  New passphrase: \u001b[0m\u0000\u0000\u0000\u0000\u0000\u0000\u0000\u0000\r\n"
    ],
    [
      0.00064,
      "Well done! Please re-type your password now for safety:\r\n"
    ],
    [
      0.000402,
      "\u001b[J\u001b[2K\r\u001b[31mâŠ   Retype passphrase: \u001b[0m \b"
    ],
    [
      0.380539,
      "\u001b[J\u001b[2K\r\u001b[31mâŠ   Retype passphrase: \u001b[0m\u0000"
    ],
    [
      0.000573,
      "\u001b[J\u001b[2K\r\u001b[31mâŠ   Retype passphrase: \u001b[0m\u0000"
    ],
    [
      0.29352,
      "\u001b[J\u001b[2K\r\u001b[31mâŠ   Retype passphrase: \u001b[0m\u0000\u0000\u001b[J\u001b[2K\r\u001b[31mâŠ   Retype passphrase: \u001b[0m\u0000\u0000"
    ],
    [
      0.150925,
      "\u001b[J\u001b[2K\r\u001b[31mâŠ   Retype passphrase: \u001b[0m\u0000\u0000\u0000\u001b[J\u001b[2K\r\u001b[31mâŠ   Retype passphrase: \u001b[0m\u0000\u0000\u0000"
    ],
    [
      0.114661,
