{
  "version": 1,
  "width": 119,
  "height": 29,
  "duration": 21.32594,
  "command": null,
  "title": null,
  "env": {
    "TERM": "xterm-256color",
    "SHELL": "/bin/zsh"
  },
  "stdout": [
    [
      0.25386,
      "\u001b[1m\u001b[7m%\u001b[27m\u001b[1m\u001b[0m                                                                                                                      \r \r"
    ],
    [
      2.7e-05,
      "\u001b]2;sahib@werkbank: ~/dev/brig/docs/repo\u0007\u001b]1;..rig/docs/repo\u0007"
    ],
    [
      0.000118,
      "\r\u001b[0m\u001b[27m\u001b[24m\u001b[J位 \u001b[K"
    ],
    [
      9.8e-05,
      "\u001b[?1h\u001b="
    ],
    [
      0.000186,
      "\u001b[?2004h"
    ],
    [
      0.453974,
      "\u001b[1m\u001b[31mb\u001b[0m\u001b[39m"
    ],
    [
      0.105389,
      "\b\u001b[1m\u001b[31mb\u001b[1m\u001b[31mr\u001b[0m\u001b[39m"
    ],
    [
      0.085149,
      "\b\b\u001b[1m\u001b[31mb\u001b[1m\u001b[31mr\u001b[1m\u001b[31mi\u001b[0m\u001b[39m"
    ],
    [
      0.092634,
      "\b\b\b\u001b[0m\u001b[32mb\u001b[0m\u001b[32mr\u001b[0m\u001b[32mi\u001b[32mg\u001b[39m"
    ],
    [
      0.053191,
      " "
    ],
    [
      0.120726,
      "s"
    ],
    [
      0.138693,
      "t"
    ],
    [
      0.104973,
      "a"
    ],
    [
      0.113068,
      "g"
    ],
    [
      0.033543,
      "e"
    ],
    [
      0.086594,
      " "
    ],
    [
      0.108291,
      "\u001b[4mm\u001b[24m"
    ],
    [
      0.162977,
      "\b\u001b[4mm\u001b[4mu\u001b[24m"
    ],
    [
      0.112732,
      "\b\u001b[4mu\u001b[4ms\u001b[24m"
    ],
    [
      0.234469,
      "\b\u001b[4ms\u001b[4mic.mp3\u001b[24m "
    ],
    [
      0.725932,
      "\u001b[?1l\u001b>"
    ],
    [
      0.005389,
      "\u001b[?2004l\r\r\n"
    ],
    [
      0.002298,
      "\u001b]2;brig stage music.mp3\u0007\u001b]1;brig\u0007"
    ],
    [
      0.462899,
      "\u001b[1m\u001b[7m%\u001b[27m\u001b[1m\u001b[0m                                                                                                                      \r \r"
    ],
    [
      4.1e-05,
      "\u001b]2;sahib@werkbank: ~/dev/brig/docs/repo\u0007"
    ],
    [
      1.1e-05,
      "\u001b]1;..rig/docs/repo\u0007"
    ],
    [
      6.7e-05,
      "\r\u001b[0m\u001b[27m\u001b[24m\u001b[J位 \u001b[K"
    ],
    [
      0.0001,
      "\u001b[?1h\u001b="
    ],
    [
      0.000226,
      "\u001b[?2004h"
    ],
    [
      0.688362,
      "\u001b[1m\u001b[31mb\u001b[0m\u001b[39m"
    ],
    [
      0.115037,
      "\b\u001b[1m\u001b[31mb\u001b[1m\u001b[31mr\u001b[0m\u001b[39m"
    ],
    [
      0.088531,
      "\b\b\u001b[1m\u001b[31mb\u001b[1m\u001b[31mr\u001b[1m\u001b[31mi\u001b[0m\u001b[39m"
    ],
    [
      0.101543,
      "\b\b\b\u001b[0m\u001b[32mb\u001b[0m\u001b[32mr\u001b[0m\u001b[32mi\u001b[32mg\u001b[39m"
    ],
    [
      0.066626,
      " "
    ],
    [
      0.109212,
      "\u001b[4ml\u001b[24m"
    ],
    [
      0.125075,
      "\b\u001b[24mls"
    ],
    [
      0.105769,
      "\u001b[?1l\u001b>"
    ],
    [
      0.006356,
      "\u001b[?2004l\r\r\n"
    ],
    [
      0.001889,
      "\u001b]2;brig ls\u0007\u001b]1;brig\u0007"
    ],
    [
      0.181364,
      "SIZE   MODTIME          "
    ],
    [
      0.00013,
      "PATH        PIN  \r\n886 B  Feb 18 16:03:17  \u001b[37m/README.md\u001b[0m   \u001b[36m\u001b[0m   \r\n\u001b[33m13 MB\u001b[0m  Feb 18 16:05:45  \u001b[37m/music.mp3\u001b[0m   \u001b[36m\u001b[0m   \r\n"
    ],
    [
      0.001523,
      "\u001b[1m\u001b[7m%\u001b[27m\u001b[1m\u001b[0m                                                                                                                      \r \r"
    ],
    [
      0.000107,
      "\u001b]2;sahib@werkbank: ~/dev/brig/docs/repo\u0007"
    ],
    [
      1.2e-05,
      "\u001b]1;..rig/docs/repo\u0007"
    ],
    [
      8.5e-05,
      "\r\u001b[0m\u001b[27m\u001b[24m\u001b[J位 \u001b[K"
    ],
    [
      0.000104,
      "\u001b[?1h\u001b="
    ],
    [
      0.000267,
      "\u001b[?2004h"
    ],
    [
      0.618057,
      "\u001b[32mbrig\u001b[39m ls"
    ],
    [
      0.228909,
      "\b\b  \b\b"
    ],
    [
      0.192473,
      "t"
    ],
    [
      0.144214,
      "r"
    ],
    [
      0.038708,
      "e"
    ],
    [
      0.165568,
      "e"
    ],
    [
      0.182023,
      "\u001b[?1l\u001b>"
    ],
    [
      0.004345,
      "\u001b[?2004l\r\r\n"
    ],
    [
      0.001945,
      "\u001b]2;brig tree\u0007\u001b]1;brig\u0007"
    ],
    [
      0.11428,
      "\u001b[35m\u001b[0m \u001b[36m\u001b[0m\r\n music.mp3 \u001b[36m\u001b[0m\r\n README.md \u001b[36m\u001b[0m\r\n\r\n1 directory, 2 files\r\n"
    ],
    [
      0.001242,
      "\u001b[1m\u001b[7m%\u001b[27m\u001b[1m\u001b[0m                                                                                                                      \r \r"
    ],
    [
      8.5e-05,
      "\u001b]2;sahib@werkbank: ~/dev/brig/docs/repo\u0007"
    ],
    [
      1.3e-05,
      "\u001b]1;..rig/docs/repo\u0007"
    ],
    [
      7.3e-05,
      "\r\u001b[0m\u001b[27m\u001b[24m\u001b[J位 \u001b[K"
    ],
    [
      8.3e-05,
      "\u001b[?1h\u001b="
    ],
    [
      0.000189,
      "\u001b[?2004h"
    ],
    [
      1.986702,
      "\u001b[1m\u001b[31mb\u001b[0m\u001b[39m"
    ],
    [
      0.139791,
      "\b\u001b[1m\u001b[31mb\u001b[1m\u001b[31mr\u001b[0m\u001b[39m"
    ],
    [
      0.061285,
      "\b\b\u001b[1m\u001b[31mb\u001b[1m\u001b[31mr\u001b[1m\u001b[31mi\u001b[0m\u001b[39m"
    ],
    [
      0.1216,
      "\b\b\b\u001b[0m\u001b[32mb\u001b[0m\u001b[32mr\u001b[0m\u001b[32mi\u001b[32mg\u001b[39m"
    ],
    [
      0.059354,
      " "
    ],
    [
      1.141574,
      "\u001b[4mc\u001b[24m"
    ],
    [
      0.049557,
      "\b\u001b[24mca"
    ],
    [
      0.159666,
      "t"
    ],
    [
      0.068815,
      " "
    ],
    [
      0.146648,
      "\u001b[4mm\u001b[24m"
    ],
    [
      0.155988,
      "\b\u001b[4mm\u001b[4mu\u001b[24m"
    ],
    [
      0.079945,
      "\b\u001b[4mu\u001b[4ms\u001b[24m"
    ],
    [
      0.091685,
      "\b\u001b[4ms\u001b[4mi\u001b[24m"
    ],
    [
      0.075616,
      "\b\u001b[4mi\u001b[4mc\u001b[24m"
    ],
    [
      0.139947,
      "\b\u001b[4mc\u001b[4m.\u001b[24m"
    ],
    [
      0.180603,
      "\b\u001b[4m.\u001b[4mm\u001b[24m"
    ],
    [
      0.163774,
      "\b\u001b[4mm\u001b[4mp\u001b[24m"
    ],
    [
      0.06169,
      "\b\u001b[4mp\u001b[4m3\u001b[24m"
    ],
    [
      0.646438,
      " "
    ],
    [
      0.192937,
      "|"
    ],
    [
      0.128012,
      " "
    ],
    [
      0.355076,
      "\u001b[4mm\u001b[24m"
    ],
    [
      0.185119,
      "\b\u001b[24m\u001b[1m\u001b[31mm\u001b[1m\u001b[31mp\u001b[0m\u001b[39m"
    ],
    [
      0.079648,
      "\b\b\u001b[0m\u001b[32mm\u001b[0m\u001b[32mp\u001b[32mv\u001b[39m"
    ],
    [
      0.069737,
      " "
    ],
    [
      0.098894,
      "-"
    ],
    [
      0.442838,
      "\u001b[?1l\u001b>\u001b[?2004l\r\r\n\u001b]2;brig cat music.mp3 | mpv -\u0007\u001b]1;brig\u0007"
    ],
    [
      0.119644,
      "\u001b[0mPlaying: -\r\n\u001b[0m"
    ],
    [
      0.006226,
      "\u001b[0m[file] Reading from stdin...\r\n\u001b[0m"
    ],
    [
      0.019648,
      "\u001b[0;33m[ffmpeg/demuxer] mp3: invalid concatenated file detected - using bitrate for duration\r\n\u001b[0m"
    ],
    [
      0.00472,
      "\u001b[0m (+) Audio --aid=1 (mp3 2ch 44100Hz)\r\n"
    ],
    [
      8.2e-05,
      "\u001b[0m\u001b[0mFile tags:\r\n"
    ],
    [
      2.1e-05,
      "\u001b[0m\u001b[0m Artist: Epica\r\n\u001b[0m"
    ],
    [
      1.7e-05,
      "\u001b[0m Album: The Classical Conspiracy: Live in Miskolc, Hungary\r\n\u001b[0m\u001b[0m Album_Artist: Epica\r\n"
    ],
    [
      1.8e-05,
      "\u001b[0m\u001b[0m Title: The Imperial March\r\n\u001b[0m\u001b[0m Track: 8/18\r\n"
    ],
    [
      1.3e-05,
      "\u001b[0m"
    ],
    [
      0.004403,
