{"version": 2, "width": 119, "height": 29, "timestamp": 1519811965, "env": {"SHELL": "/bin/zsh", "TERM": "xterm-256color"}}
[0.252493, "o", "\u001b[1m\u001b[7m%\u001b[27m\u001b[1m\u001b[0m                                                                                                                      \r \r"]
[0.252647, "o", "\u001b]2;sahib@werkbank: ~/dev/brig/docs\u0007\u001b]1;~/dev/brig/docs\u0007"]
[0.252698, "o", "\r\u001b[0m\u001b[27m\u001b[24m\u001b[Jλ \u001b[K"]
[0.252849, "o", "\u001b[?1h\u001b="]
[0.253042, "o", "\u001b[?2004h"]
[1.089292, "o", "\u001b[1m\u001b[31mb\u001b[0m\u001b[39m"]
[1.199596, "o", "\b\u001b[1m\u001b[31mb\u001b[1m\u001b[31mr\u001b[0m\u001b[39m"]
[1.295245, "o", "\b\b\u001b[1m\u001b[31mb\u001b[1m\u001b[31mr\u001b[1m\u001b[31mi\u001b[0m\u001b[39m"]
[1.394617, "o", "\b\b\b\u001b[0m\u001b[32mb\u001b[0m\u001b[32mr\u001b[0m\u001b[32mi\u001b[32mg\u001b[39m"]
[1.475068, "o", " "]
[1.532962, "o", "\u001b[4ml\u001b[24m"]
[1.689091, "o", "\b\u001b[4ml\u001b[4mo\u001b[24m"]
[1.764881, "o", "\b\u001b[4mo\u001b[4mg\u001b[24m"]
[2.164452, "o", "\u001b[?1l\u001b>"]
[2.168482, "o", "\u001b[?2004l\b\b\b\u001b[24ml\u001b[24mo\u001b[24mg\r\r\n"]
[2.171031, "o", "\u001b]2;brig log\u0007"]
[2.17135, "o", "\u001b]1;brig\u0007"]
[2.32099, "o", "\u001b[32mSEfXUD64dE\u001b[0m \u001b[33mFeb 28 10:45:21\u001b[0m \u001b[31m•\u001b[0m\u001b[36m (curr)\u001b[0m\r\n"]
[2.32113, "o", "\u001b[32mSEfXUCU47p\u001b[0m \u001b[33mFeb 28 10:45:21\u001b[0m Added initial README.md\u001b[36m (head)\u001b[0m\r\n\u001b[32mSEfXUCEaXL\u001b[0m \u001b[33mFeb 28 10:45:21\u001b[0m initial commit\u001b[36m (init)\u001b[0m\r\n"]
[2.322517, "o", "\u001b[1m\u001b[7m%\u001b[27m\u001b[1m\u001b[0m                                                                                                                      \r \r"]
[2.322672, "o", "\u001b]2;sahib@werkbank: ~/dev/brig/docs\u0007\u001b]1;~/dev/brig/docs\u0007"]
[2.322731, "o", "\r\u001b[0m\u001b[27m\u001b[24m\u001b[Jλ \u001b[K"]
[2.322798, "o", "\u001b[?1h\u001b="]
[2.323008, "o", "\u001b[?2004h"]
[3.60464, "o", "\u001b[1m\u001b[31mb\u001b[0m\u001b[39m"]
[3.701166, "o", "\b\u001b[1m\u001b[31mb\u001b[1m\u001b[31mr\u001b[0m\u001b[39m"]
[3.806198, "o", "\b\b\u001b[1m\u001b[31mb\u001b[1m\u001b[31mr\u001b[1m\u001b[31mi\u001b[0m\u001b[39m"]
[3.908073, "o", "\b\b\b\u001b[0m\u001b[32mb\u001b[0m\u001b[32mr\u001b[0m\u001b[32mi\u001b[32mg\u001b[39m"]
[3.981747, "o", " "]
[4.083177, "o", "\u001b[4mc\u001b[24m"]
[4.180388, "o", "\b\u001b[4mc\u001b[4mo\u001b[24m"]
[4.34891, "o", "\b\u001b[4mo\u001b[4mm\u001b[24m"]
[4.471983, "o", "\b\b\b\u001b[24mc\u001b[24mo\u001b[24mmm"]
[4.662754, "o", "i"]
[4.794937, "o", "t"]
[4.828483, "o", " "]
[4.91971, "o", "-"]
[5.12147, "o", "m"]
[5.232306, "o", " "]
[5.36732, "o", "\u001b[33m'\u001b[39m"]
[6.367657, "o", "\b\u001b[33m'\u001b[33mA\u001b[39m"]
[6.542322, "o", "\b\u001b[33mA\u001b[33md\u001b[39m"]
[6.703172, "o", "\b\u001b[33md\u001b[33md\u001b[39m"]
[6.98262, "o", "\b\u001b[33md\u001b[33me\u001b[39m"]
[7.114576, "o", "\b\u001b[33me\u001b[33md\u001b[39m"]
[7.226658, "o", "\b\u001b[33md\u001b[33m \u001b[39m"]
[7.400424, "o", "\b\u001b[33m \u001b[33md\u001b[39m"]
[7.48366, "o", "\b\u001b[33md\u001b[33ma\u001b[39m"]
[7.601921, "o", "\b\u001b[33ma\u001b[33mr\u001b[39m"]
[7.741708, "o", "\b\u001b[33mr\u001b[33mt\u001b[39m"]
[7.830802, "o", "\b\u001b[33mt\u001b[33mh\u001b[39m"]
[7.915606, "o", "\b\u001b[33mh\u001b[33m \u001b[39m"]
[8.040754, "o", "\b\u001b[33m \u001b[33mv\u001b[39m"]
[8.142824, "o", "\b\u001b[33mv\u001b[33ma\u001b[39m"]
[8.275411, "o", "\b\u001b[33ma\u001b[33md\u001b[39m"]
[8.392729, "o", "\b\u001b[33md\u001b[33me\u001b[39m"]
[8.481706, "o", "\b\u001b[33me\u001b[33mr\u001b[39m"]
[8.867549, "o", "\b\u001b[33mr\u001b[33m \u001b[39m"]
[9.017732, "o", "\b\u001b[33m \u001b[33mm\u001b[39m"]
[9.201591, "o", "\b\u001b[33mm\u001b[33mu\u001b[39m"]
[9.306462, "o", "\b\u001b[33mu\u001b[33ms\u001b[39m"]
[9.421788, "o", "\b\u001b[33ms\u001b[33mi\u001b[39m"]
[9.482797, "o", "\b\u001b[33mi\u001b[33mc\u001b[39m"]
[9.746346, "o", "\b\u001b[33mc\u001b[33m'\u001b[39m"]
[10.36415, "o", "\u001b[?1l\u001b>"]
[10.370844, "o", "\u001b[?2004l\r\r\n"]
[10.374473, "o", "\u001b]2;brig commit -m 'Added darth vader music'\u0007\u001b]1;brig\u0007"]
[10.562116, "o", "\u001b[1m\u001b[7m%\u001b[27m\u001b[1m\u001b[0m                                                                                                                      \r \r"]
[10.562253, "o", "\u001b]2;sahib@werkbank: ~/dev/brig/docs\u0007\u001b]1;~/dev/brig/docs\u0007"]
[10.562287, "o", "\r\u001b[0m\u001b[27m\u001b[24m\u001b[Jλ \u001b[K"]
[10.562385, "o", "\u001b[?1h\u001b="]
[10.562584, "o", "\u001b[?2004h"]
[11.482654, "o", "\u001b[1m\u001b[31mb\u001b[0m\u001b[39m"]
[11.595748, "o", "\b\u001b[1m\u001b[31mb\u001b[1m\u001b[31mr\u001b[0m\u001b[39m"]
[11.713421, "o", "\b\b\u001b[1m\u001b[31mb\u001b[1m\u001b[31mr\u001b[1m\u001b[31mi\u001b[0m\u001b[39m"]
[11.801969, "o", "\b\b\b\u001b[0m\u001b[32mb\u001b[0m\u001b[32mr\u001b[0m\u001b[32mi\u001b[32mg\u001b[39m"]
[11.871499, "o", " "]
[11.986051, "o", "\u001b[4ml\u001b[24m"]
[12.130566, "o", "\b\u001b[4ml\u001b[4mo\u001b[24m"]
[12.208039, "o", "\b\u001b[4mo\u001b[4mg\u001b[24m"]
[12.3702, "o", "\u001b[?1l\u001b>"]
[12.375073, "o", "\u001b[?2004l\b\b\b\u001b[24ml\u001b[24mo\u001b[24mg\r\r\n"]
[12.377147, "o", "\u001b]2;brig log\u0007\u001b]1;brig\u0007"]
[12.483055, "o", "\u001b[32mSEfXUBgTGT\u001b[0m \u001b[33mFeb 28 10:59:36\u001b[0m \u001b[31m•\u001b[0m\u001b[36m (curr)\u001b[0m\r\n"]
[12.483199, "o", "\u001b[32mSEfXUCjYxA\u001b[0m \u001b[33mFeb 28 10:45:21\u001b[0m Added darth vader music\u001b[36m (head)\u001b[0m\r\n\u001b[32mSEfXUCU47p\u001b[0m \u001b[33mFeb 28 10:45:21\u001b[0m Added initial README.md\u001b[36m\u001b[0m\r\n\u001b[32mSEfXUCEaXL\u001b[0m \u001b[33mFeb 28 10:45:21\u001b[0m initial commit\u001b[36m (init)\u001b[0m\r\n"]
[12.484754, "o", "\u001b[1m\u001b[7m%\u001b[27m\u001b[1m\u001b[0m                                                                                                                      \r \r"]
[12.484868, "o", "\u001b]2;sahib@werkbank: ~/dev/brig/docs\u0007"]
[12.484981, "o", "\u001b]1;~/dev/brig/docs\u0007\r\u001b[0m\u001b[27m\u001b[24m\u001b[Jλ \u001b[K"]
[12.485059, "o", "\u001b[?1h\u001b="]
[12.48524, "o", "\u001b[?2004h"]
[15.116498, "o", "\u001b[1m\u001b[31mb\u001b[0m\u001b[39m"]
[15.286419, "o", "\b\u001b[1m\u001b[31mb\u001b[1m\u001b[31mr\u001b[0m\u001b[39m"]
[15.394661, "o", "\b\b\u001b[1m\u001b[31mb\u001b[1m\u001b[31mr\u001b[1m\u001b[31mi\u001b[0m\u001b[39m"]
[15.484396, "o", "\b\b\b\u001b[0m\u001b[32mb\u001b[0m\u001b[32mr\u001b[0m\u001b[32mi\u001b[32mg\u001b[39m"]
[15.570743, "o", " "]
[15.667128, "o", "\u001b[4me\u001b[24m"]
[15.794115, "o", "\b\u001b[24med"]
[15.83337, "o", "i"]
[16.711928, "o", "t"]
[16.792473, "o", " "]
[16.945941, "o", "R"]
[17.022294, "o", "E"]
[17.072731, "o", "A"]
[17.247167, "o", "D"]
[17.41645, "o", "M"]
[17.546609, "o", "E"]
[17.745329, "o", "."]
[17.940659, "o", "m"]
[18.027964, "o", "d"]
[18.145754, "o", "\u001b[?1l\u001b>"]
[18.151185, "o", "\u001b[?2004l\r\r\n"]
[18.15313, "o", "\u001b]2;brig edit README.md\u0007\u001b]1;brig\u0007"]
[18.311358, "o", "\u001b[?1000h\u001b[?2004h\u001b[?1049h\u001b[22;0;0t\u001b[?1h\u001b=\u001b[?2004h"]
[18.311704, "o", "\u001b[1;29r\u001b[?12h\u001b[?12l\u001b[27m\u001b[23m\u001b[29m\u001b[m\u001b[H\u001b[2J\u001b[?25l\u001b[29;1H\"/tmp/brig-cmd-buffer-7867430388356292876.md\""]
[18.311802, "o", " 15L, 443C"]
[18.327957, "o", "\u001b[2;1H▽\u001b[6n\u001b[2;1H  \u001b[1;1H\u001b[>c\u001b]10;?\u0007\u001b]11;?\u0007"]
